{
  "project_info": {
    "project_number": "1097538722107",
    "firebase_url": "https://timetable-69b95-default-rtdb.firebaseio.com",
    "project_id": "timetable-69b95",
    "storage_bucket": "timetable-69b95.appspot.com"
  },
  "client": [
    {
      "client_info": {
        "mobilesdk_app_id": "1:1097538722107:android:6a02498e9b73d64480bf1e",
        "android_client_info": {
          "package_name": "smart.college"
        }
      },
      "oauth_client": [],
      "api_key": [
        {
          "current_key": "AIzaSyDfFKt90BNnSDVGgP8AszUelPAeooPo2vw"
        }
      ],
      "services": {
        "appinvite_service": {
          "other_platform_oauth_client": []
        }
      }
    }
  ],
  "configuration_version": "1"
}